Tweet,Target,Stance
due confusion caused coronavirus able vote bernie nearly 50 time getting tired deciding take quick lunch break plan going back voting many time polling place close suggest try,Bernie Sanders,0
bernie sounded great npr today mad campaign folk even agree sign letter support union counselor support military member insurance company boss steal taxpayer dollar working people huh,Bernie Sanders,1
reason iowa may well berniesanders ultimately bernie win end sander cuck dnc past behaviour indicative future behaviour clownworld,Bernie Sanders,0
see thread insulting normally telling like certainly feel free jump berniesanders suddenly attacking started election2020,Bernie Sanders,0
follow bernie peril college europe free catch r taxed almost 50 earningsthat 12 paycheck nextthey far le people going collegebernie tell truth health care vote wisely vote republican,Bernie Sanders,0
still wishing miracle elizabethwarren could run vp bernie going sure win democrat get racistpresident white house,Bernie Sanders,1
sander people always lying covering dems much better bernie need release newest health record stop gaslighting demdebate berniesanders,Bernie Sanders,0
berniethe truck driver lost job automation would offered free collegevocational training job choose help start business etc long record current policy prove would forcedlaborlack freedom,Bernie Sanders,1
iendorsebernie ton reason one number 1 running time save planet worst climate change need bernies greennewdeal bernie indiana,Bernie Sanders,1
beat make bull hope stick bernie,Bernie Sanders,0
bernieyellsforus bernieyellsforme berniesanders democrat whatever defeat bernie sander like 2016 nothing like 2016,Bernie Sanders,1
donated first campaign lot give bernie give hope future fundamentally change america believe,Bernie Sanders,1
minivan app extremely useful canvassing walk whole process anyone canvassed encourage fun fulfilling going win peoplepower bernie,Bernie Sanders,1
attack oh waityou mean people want noncitizen voting mean votingrights neverkamala electoralcollege 2020election election2020 epicfail govote walkawayfromdemocrats bernie,Bernie Sanders,0
berniesanders get beat democraticparty everything power harm 2016nominee run ticket ever period life long member democraticparty know put dnc pay attention,Bernie Sanders,0
lot photo ops homestead cap betting bernie photo op guy wonder he addressing concern behind scene,Bernie Sanders,1
easy believe thinking past year seems andrew gillum come support sander help put 400000 new voter ballot felon definitely radical enough know dnc,Bernie Sanders,1
going lie page first learned read found people wake eventually power shit fraud theft come end bernie swamp drained real,Bernie Sanders,1
fight inspire u join together transform country justiceforall realleader bernie,Bernie Sanders,0
corporate democrat either disabled sole provider child international centrist belief social reform including limited universal healthcare living wage false bernie attacking amp votebluenomatterwho,Bernie Sanders,1
bernie direct threat health misguided giveaway,Bernie Sanders,0
seems like centrist democrat loyalist inspired metoo movement ability take many personality since 2016 thought would preemptively try bernie 2020,Bernie Sanders,1
many time bernie thrown woman zephyr teachout woman color bri nina notmeus movement bus partly understood old black folk w see,Bernie Sanders,0
affordable healthcare basic human right ridiculous medicare4all require pay time service pay tax affordable healthcare4all go together stand anything le m4a bernie,Bernie Sanders,1
wallstreetpete running plan relies bringing back individual mandate amp taxing people could afford keep insurance retroactively medicareforall fraction cost amp let u go dr want bernie,Bernie Sanders,1
jess gave almost 200 million bernie 2020 doubt berniesanders pas small business real agenda socialism,Bernie Sanders,0
help saying public option available required getting slammed bernie supporter including infamous shhhh timblack misunderstanding,Bernie Sanders,0
china run california 24hr chicom camera watch get people leaving home communistcalifornia bernie supporter get glimpse life want freedom gone thursdaymotivation stimulusbill gov moneystay home,Bernie Sanders,0
vague fact require belief religion candidate id love know voter bernie proposal he fought consistently way 2016 amp voted accordingly unlike anyone else running,Bernie Sanders,1
bernie alot need tune answershe losing answer place clear better,Bernie Sanders,0
speak parent wife hiring usual goto 16 year old babysitter precinct captain bernie iacaucus night second choice take u see participatory direct democracy action,Bernie Sanders,1
going church denied also would honor warren2020 berniesanders,Bernie Sanders,1
breaking bernie sander utah 3rd victory super tuesday also carried state 2016 diplomacy140,Bernie Sanders,0
wapo bernie sander fact polling show bernie highest favorability among voter msm trying screw bernie shock considering bezos owns wapo nomiddleground,Bernie Sanders,1
first heard excited comb video see article missed issue comprehensively affect every aspect shared human experience u mic foreignpolicymatters vote like tulsi2020 bernie,Bernie Sanders,1
bernies zionist hardcore base make least acknowledge misery palestinian,Bernie Sanders,0
want keep job fix election know rigged first tom perez must goand bernie president news station air result primary even happen yet primarypelosi berniewon,Bernie Sanders,1
bernie sketch weekend story instagram berniesanders,Bernie Sanders,1
voting bernie independent would defeat purpose bluetsunami2018 democratic else republican likely retain position,Bernie Sanders,1
hillary campaign dnc cnn colluded bernie sander proven dnc server hacked memo released public,Bernie Sanders,1
bernie sander campaign democrat arrested nine different time bernie sander article published july 15 201800pm,Bernie Sanders,0
hey sara_pal thanks follow votebymailforbernie downballot progressive state dem primary find demexit,Bernie Sanders,1
never seen someone completely wrong twitter extreme length 21 tweet nothing true congratulation must new twitter record runbernierun berniesanders,Bernie Sanders,0
maybe bernie old realize kid nowadays informed thanks social medium handsoffvenezuela,Bernie Sanders,0
yes back mainstream medium attack smear mock denigrate u movement american people deserve better medium journalist period berniesanders,Bernie Sanders,0
salty af bernie came tweet indignant democratic socialistsnaw prove point nuthin,Bernie Sanders,1
whether commenters agree point awesome thing movement bernie started amp amazing policy notmeus talking amp sharing idea solve problem affordable housing amp homelessness win amp transform country,Bernie Sanders,1
view victim sympathy certain skin color religious cult give exempt status criticism get jail free card action criminal onthetake bernie greed deadly sin,Bernie Sanders,0
bernie continues try take democratic party okay,Bernie Sanders,0
hillary good enough bernie crowd thought 4 year saint would front runner hillary destroyed,Bernie Sanders,0
need report berniesanders proving liberal may shit nest goodness justice voteredtosaveamerica,Bernie Sanders,0
know many democrat r running office want win get keep money raised right bernie like get rich quick scam right kamalaharris kamala2020 another way 2 top besides raping old men,Bernie Sanders,1
berniesanders supporter fake rape strategy encouraging people tweet slur genuine survivor basis ried lie support idea ford lying even metoo proponent telling stop,Bernie Sanders,0
yous legislative accomplishment democrat announced 2020 potus candidate andgo sanders0 harris0 warren0 booker0 gillibrand0,Bernie Sanders,0
2016 3m people lose job one week million suddenly need health care inarguable clear berniesanders policy suddenly benefit much larger number people greennewdeal way depression,Bernie Sanders,1
shaking hand mr buhari president nigeria wash hand,Bernie Sanders,0
appreciate bernie fired every answer cuz debate boring fuck lmao democraticdebate,Bernie Sanders,1
stop frisk mike bloomberg one time republican mayor one first thing eliminate nycs recycling program forced rethink idiotic billionaire instinct great bernie support dc becoming 51st state,Bernie Sanders,1
supporting speaking straight truth corrupt dnc bought billionaire republican bloomberg,Bernie Sanders,1
sake climate sick homeless indebted berniesanders,Bernie Sanders,1
happy finally got long food line he fond dropoutbernie democraticprimary,Bernie Sanders,0
bernie sander listens leader tired leader dictate u ideal ideal sander hears say policy based upon input system broken fix,Bernie Sanders,1
assure without astroturfing bernies union support probably strongest versatile support candidate many even vote primary based people met hillary going win anyway,Bernie Sanders,1
bernie liz met year ago private remember bernie manage remove superdelegate rule convention believe knew would cause harm anything berniesanders warrentobernie,Bernie Sanders,1
democrat truly almost need go face pandemic fight people compromise face need even disaster need protection system maintain u medicareforall sickleave bernie,Bernie Sanders,1
guess mean political big pharma donor national security risk bernie president take big pharma money,Bernie Sanders,1
since bernie sander sole purview senate democrat working climate legislation year,Bernie Sanders,1
money ruling uspolitics therefore sander lose matter vote happening right iowa riggedelection iowacaucus2020,Bernie Sanders,0
keep posting pro bernie bullshytethat make story perfectly plausible,Bernie Sanders,0
bernie sander supporter since 2016 white man 25 college degree come wealthy family peoplepoliticians journalist pundit alikeignore favor berniesanders narrative,Bernie Sanders,1
seeing bernie yang supporter competing raise money candidate today say berners,Bernie Sanders,1
berniesanders delusional someone please tell charge,Bernie Sanders,0
one question fcuk bernard sander bernie,Bernie Sanders,0
thread release sweeping plan fundamentally overhaul u labor practice law,Bernie Sanders,1
long recognized commitment 2 liberation transcends bernie camp however sander reminded u okay 2 activate revolutionary imagination struggle always ongoing stop niki franco 25yo miami,Bernie Sanders,1
feel like bernie far left actually wrap around touch hand extreme magas,Bernie Sanders,1
like 2016 virginia bernie every county got zero delegate democracy dead country need cardioversion nomiddleground endoligarchy,Bernie Sanders,1
mean testing waste time enact immediately ubi 2kmo retro march 1 6 month resolution full clean immediate implementation senator sander medicareforall full clean amp immediate implementation worker protection,Bernie Sanders,1
sure bernie really aware disaster going illinois many fleeing yet killing child doping everybody priority awful,Bernie Sanders,1
keep free market capitalist society mr bernie bad hurt feeling united state america ussr chiner kag2020landslidevictory,Bernie Sanders,0
berniesanders lived polled audience amp enthusiasm amp loud strong voice unison people agreed medicareforall fighting climatecrisis 15 minwage amp free public college radical idea 99 want amp need succeed,Bernie Sanders,1
wisconsin michigan indiana 2016 come look closeryeah right front go say b e r n e n e r bernie follow regret get permission corporate bos,Bernie Sanders,1
executivetradingcards one limited edition berniesanders trading card executive trading get shopping ebay store,Bernie Sanders,1
bernie driving dems left agree idea sick dems taking big pharma payday loan money amongst many big money dems kamala harris get said corp money way take back country citizen united corp money,Bernie Sanders,0
nothe american people desire run american people desire run first place chose bernie resist,Bernie Sanders,1
great week bernie supporter richmond exciting event got mostly positive response volunteering see rally thursday arthur ashe athletic center berniesanders richmond virginia,Bernie Sanders,1
watching right take lesson end men done choice left woman berniesanders,Bernie Sanders,1
happened bernie ali velshi show week ago talking important issue light pandemic progressive switch tara reade bernie one fd berniesanders,Bernie Sanders,0
socialism bernie policy failure thing bernie talk thing dictator say ruse mass support quell populist anger real solution,Bernie Sanders,0
know real scumbag even eric foreman like berniesanders,Bernie Sanders,0
feel like point feel identify would feel like created destroyed new zero math authority figure considerate like never bernieorbust2020,Bernie Sanders,0
corruptdnc broker colludes give nomination someone person get delegate vote democrat amp republican lose election independent writein candidate named berniesanders dncrigging bernie,Bernie Sanders,1
sorry tired supply truth receipt prove point urination required bernie old school fdrdemocrat newschool policy proposal,Bernie Sanders,1
avid supporter focusing policy understanding psychology sociology culture leader also important kind speaking kindly matter need backed w policy competent compassionate leader bernie,Bernie Sanders,1
senator berniesanders sarah palin asks proponent gnd support get rid human coalition plan allow killer whale vote southcarolinadebate,Bernie Sanders,1
whenever bernie something say something human right believe,Bernie Sanders,0
going best kansa need real change ole thing medicareforall bernie,Bernie Sanders,1
would sexist pig bernie still able talk allowed move arm demdebate democraticdebate,Bernie Sanders,1
profoundly disappointed dnc liberal bone hell complicated since 2016 sander debacle,Bernie Sanders,0
suggest warren equivalent bernie uniquely positioned amplify part platform represents strategic victory bernie opportunity notmeus movementif claim 3,Bernie Sanders,1
one day berniesanders going come realizationit policy like,Bernie Sanders,0
bradybill proposed waiting period buying gun background check berniesanders voted realize stop every shooting help fence keep mind vote southcarolina supertuesday pete2020 demprimary,Bernie Sanders,0
still v8 vote rapist corrupt inveterate liar actual legend right front ballot get act together mailin vote berniesanders superbernietuesday,Bernie Sanders,1
berniebrunch park today yuuuuggee nevada ready bernie2020 feelthebern notmeus join u,Bernie Sanders,1
mayorpete campaign people amazing love congratulation mr buttigieg chasbuttigieg occupy white house one day right hoping sec state doj dhs ambassador sander administration,Bernie Sanders,1
young people liking comrade bernie really inflated many seriously like trust bernie,Bernie Sanders,0
thou shalt take bernies name vain bernie bro bible democraticdebate,Bernie Sanders,1
bernie went far wanted go extent would damage senate committee assignment detriment democraticpartys leadership,Bernie Sanders,0
screen tell u crazy stupid want functioning healthcare system trying put billionaire military business wonder people becoming paranoid angry medicareforall nomiddleground berniesanders,Bernie Sanders,1
neither offered public comment treatment kiahmorris racist treatment camper stowe made news beyond boundary vt stoking racial tension within vt,Bernie Sanders,0
kerfuffle bernies worker terrible pay prelude happen across country b elected wakeup rule others amp people like want increase downtrodden keep u lineand hell able afford another house,Bernie Sanders,0
independent contractor doordash ubi help way 15 minimum wage would sorry bernie via yanggang election2020 goaxim,Bernie Sanders,0
old guy sound like every pandering facebook post ever substance possibility fulfill wild promise bernie never win democraticdebate2020 democraticdebate,Bernie Sanders,0
ready willing able best thing 2016 fun pounding pavement bernie deep south best done face face let u,Bernie Sanders,1
folk bernie still ballot primary primary state voted please reconsider demexiting cast ballot may able win change direction party bernieontheballot,Bernie Sanders,1
solemn moment agrees citizen issue matter habitable planet,Bernie Sanders,1
cheering tulsi gabbard order force good must good tulsi gabbard truthagainstwar gabbard2020 bernie,Bernie Sanders,1
fight bernie death want contagious socialism german worker win right 28hour working week germany unionpower,Bernie Sanders,0
walk like terrorist talk like terroristmust dems tcot tlot nhpolitics backedbycrazybernie,Bernie Sanders,0
omg might stop looking twitter election bernies supporter brutal election2020,Bernie Sanders,0
dems need head examined even engage idea voting communist berniesanders,Bernie Sanders,0
berniesanders bernie berniesanders lie irresponsible fear put forth leftist hack aoc say world end 12 year democrat party racist identitypolitics racist intersectionalism,Bernie Sanders,0
disgusting parent allowed child fondled right fucking front tactile politics sexual grooming realtime would never vote anyone expendable capacity voting value wearenotexpendable berniesanders,Bernie Sanders,1
giving worker seat corporate board reversing egregious corporate tax cut make sure college student graduate debtfree 2 notmeus progressive taken speech illinois september 7th2018 sound like berniesanders platform,Bernie Sanders,1
know read advocate bernie primary blue general bernie nominee,Bernie Sanders,1
mainstream medium servile corporate interest would literally prefer centrist appalling record people genuinely believe dementia see progressive like berniesanders democratic nominee even though run excellent campaign,Bernie Sanders,1
16 hurt though bernie distancing little mean something comrade laughed know true notmeussr berniesanders,Bernie Sanders,1
first came alex jones everyone cheered targetted outlier ie altright like call altleft ie socialistsberniebros simply disagree oligarchselites ie authoritative source get silenced,Bernie Sanders,1
one thing clear free social program bernie2020 warren2020 democraticsocialism stooge socialism extremely high cost high need invent new taxing program pay,Bernie Sanders,0
terrible look sander team like q came thin air man heart attack last year promised share record democraticdebate,Bernie Sanders,0
thanks showing u side revolution bye nikki bernie46 thepeoplespresident bernie,Bernie Sanders,1
1936 fdr could easily 2020 business amp financial monopoly speculation reckless banking class antagonism sectionalism war profiteering begun consider government yous mere appendage affair,Bernie Sanders,1
probably lot people said heinous shit bernie added like could go many went thought id blocked act surprised,Bernie Sanders,1
yeah berniebro absolutely positive socialist millionaire bernie sander stand absolutely chance winning texas wakeupdemocrats,Bernie Sanders,0
idiot read july 1st summer vacation drank beer weekday night summer please retire,Bernie Sanders,0
hope others support important work st jospeh county greater indiana ourrevolution berniesanders,Bernie Sanders,1
say officially undecided come 2020election initial reaction warren way reminded bernie anticapitalist race thing care greatly need reading amp thinking,Bernie Sanders,1
new sub brother big fan choice coverage amazing keep fighting good fight man together win better world bernie,Bernie Sanders,1
betting bernie biggest donor month ever berniesback magnificent hit would thought something bad could big,Bernie Sanders,1
100 percent right fact put aside hatred wealthy time crisis prof unfit office sick individual bernie,Bernie Sanders,0
much democratic party concern aware u president lead nation party bullying everyone disagrees berniesanders platform progressive culture campaign creating dobetterbernie,Bernie Sanders,0
probably vote green unless new third party bernie nominee assured getting enough ballot win plurality electoral vote likelihood happening anyone,Bernie Sanders,1
voted yet bernie still ballot get deligates convention vote like life depends literally pas,Bernie Sanders,1
eliminate entire student medical debt bernie would know money amp scarcity fake pulled 3t wallst one week nowhere know going pay itis b question people need help never asked bank,Bernie Sanders,1
need democrat pas bill forgives gov debt free spend much want bernie elizabethwarren kamala2020 aoc,Bernie Sanders,1
berniesanders knew literacy important especially anticommunists enabled read death warrant,Bernie Sanders,1
according medium bias fact checker high rating factual reporting sacrificing reputation spread nonsense bernie trending hour twitter feeling bern,Bernie Sanders,1
one ridiculous thing read bernie least amount dirt anyonethis must joke lol,Bernie Sanders,1
voter country done sociopathic powerhungry laissez faire hypocritical insider elitist bullshit move fucking way bernie,Bernie Sanders,1
sander uwanna b pte go 2d soviet union oh ur implode talk 2fidel castro oh sorry dinosaur hell let u see well better review video socialist among u,Bernie Sanders,0
nobody make million let alone billion profit people diagnosed disease condition need medicine bottom line justice sale berniesanders,Bernie Sanders,1
bernie actually diverse support base literal majority female strongest among latino young black,Bernie Sanders,1
thank right side justice history endorsing berniesanders demdebate,Bernie Sanders,1
exactly pull bootstrap work must even playing field berniesanders,Bernie Sanders,1
ghost started thread tweeting ghost worried unlikely event berniesanders boocomes potus another tweet part thread site rabid millennial follower watch boomans like scare ghost,Bernie Sanders,0
people working policy together would donor class bernie,Bernie Sanders,1
better yet run president need distraction thank,Bernie Sanders,0
happened progressive race 3 presidential candidate bernie gravel williamson signed would call basic straightforward progressivepledge,Bernie Sanders,1
berniesanders fucking racist sexist bernie bros must understand american dislike big government,Bernie Sanders,0
berniesanders guaranteed l dems novemberup ticket train wreck democraticparty get also rans bernie actually explain policy he never gotten enacted,Bernie Sanders,0
democraticdebate berniesanders look like trouble paradise liz amp bernie go shake hand refuse look like little tiff democrat attacking one another classic,Bernie Sanders,0
sure hope sander nominee fooled awhile know better remember 2016 believe want woman president,Bernie Sanders,0
trust tulsi slightly better policy pull til end turn country around forget tulsi resigned dnc post support bernie get trustworthy,Bernie Sanders,1
bernie need fuck need unite splinter like bernie amp push uniteblue bluewave voteblue voteblue2018,Bernie Sanders,0
prisoner ostensible right beaten raped tortured etc arguing prisoner given right entirely incarcerated distortionary canada others allow prisoner vote positive effect rehabilitation ultimate goal bernie,Bernie Sanders,0
2016 washington post validated bernie sander high school track record claim doubtful veracity future goal presidential record without taint,Bernie Sanders,1
respect work shaun please stop sinking low place support candidate please stop vilifying another viable candidate acting like berniesanders unbecoming making rethink overall respect activist,Bernie Sanders,0
old mother hunbard went cupboard get poor dog bone got cupboard bare poor dog none moral dog let u mother hubbard run country socialism berniesanders left right u right kag,Bernie Sanders,1
would vote based policy supporter berniesanders fighting american including fighting hope join u fighting corporate socialism 1 desperately need medicare4all,Bernie Sanders,1
facethenation berniesanders said thing amp 30 yr need hear morning bye,Bernie Sanders,0
sander establishment working class hero spent life fighting working family,Bernie Sanders,1
sander democratic socialistsocial democrat socialist marxist communist even running campaigning amp policy represent platform basically 21st century fdr,Bernie Sanders,1
aoc supported failed candidate see excerpt somehow pull campaign israel popular u democratic candidate nevercorbyn cynthianixon tiffanychaban donothingdems bdsfail berniesanders,Bernie Sanders,0
listen word politician speak access something afford mean nothing 2020election berniesanders,Bernie Sanders,1
medicare study mention medicare federalonly program significant portion medicare statefunded federal government would bear entire burden funding increase,Bernie Sanders,1
happy see continue fight nomination looking forward next demdebate,Bernie Sanders,1
ignorant radical leftist taxpayer bribed vote lying commie money sander communist sovietsanders,Bernie Sanders,0
earth bernie trying prove punching bag look like punching bag winning bernie,Bernie Sanders,1
show based woman expressing opinion woman push fake bernie narrative amp erase voice like mine act like victim saying bombarded message u damn rightthey hearing woman like,Bernie Sanders,1
bernie find irritating bernie keep blaming primary loss super delegate even without still behind bigger problem time fewer state caucusing,Bernie Sanders,0
agree one point time bring source please thanks openminded bernie supporter,Bernie Sanders,1
bernie baby melting insanity rule bot gop behind fool want despicable 45 win put away sharp object think 2020 sanderswarren2020,Bernie Sanders,0
feel kamalaharris like person school always strived perfect attendance hung popular group bernie would kid made sure everybody lunch eat access nurse office,Bernie Sanders,1
covid19 show inequality new gilded age healthcare employment coronavirus covid19 bernie,Bernie Sanders,1
sander got shy 50 primary vote hardly loss democracy last time tried without lost generalelection time win,Bernie Sanders,1
mrpotatohead mrspotatohead endores potus expect president le,Bernie Sanders,0
resister make list follow cry someone block as please block sick tired looking shit help bernie believe blue matter,Bernie Sanders,1
warren surfacing moderate fading bernie really write damn bill talk thing democraticdebate 740a est l e n l v e,Bernie Sanders,1
party claim care middle class democrat sure mind bankrupting alexandriaocasiocortez berniesanders climatechange democrat economics elizabethwarren socialism usnews bernie,Bernie Sanders,0
omg need stop listening whoever advising say crap,Bernie Sanders,0
oldest youngest people board get middle come around greater number mend generational divide bernies plan greatly improve life people age yet come epluribusunum ofmanyone,Bernie Sanders,1
want stop mentioning bernies traitor,Bernie Sanders,0
lol starting think socalled bernie bro trolling,Bernie Sanders,0
endorsed guy told everyone safe vote person couple week ago week candidate notfittolead berniesanders one saying mail ballot stay home,Bernie Sanders,1
mean incredibly disappointing electable socialist 110 want bernie warren proposing simply possible voter allow time,Bernie Sanders,1
something republican would say guy talent get worse everyday think make player equal everyone able sprint entire game berniesanders,Bernie Sanders,1
obama damage control former president ready back whoever win 2020 nominationeven bernie sander sabotaging preemptively ensure happen,Bernie Sanders,1
happy bernie got brain implant go bad self,Bernie Sanders,0
inspire u better people see explained 10 year old perfectly hit feel,Bernie Sanders,1
upstate new york vermont thousand time best place earth shop clean friend live love vermonter literally nicest people bernie,Bernie Sanders,1
going sue exposing corruption mean sue taking away vote bernie demexit,Bernie Sanders,1
sander foxnews karl rove fast narrative bernie sander frontrunner,Bernie Sanders,0
fuck bernie goddamn hypocrite even today ever,Bernie Sanders,0
tell fake like also complete idiot,Bernie Sanders,0
follower laughing attck instead bringing u together attack u keep strong fight back berniesanders,Bernie Sanders,1
manchins douche vote blue matter as someone want remind party mantra yes even bernie manchinsarepublican votehimout,Bernie Sanders,1
yet find democrat explain putin ran bernie race rigged debate asking friend,Bernie Sanders,1
people say bernie point yell snake emojis twitter,Bernie Sanders,1
easier bernie talk socialist talk millionaire,Bernie Sanders,0
hey iowa lest forget dnc coming ensure election fair dnc argued legal obligation provide fair election guard berniesanders,Bernie Sanders,1
bernie hosted medium highdollar closeddoor fundraiser new york los angeles elsewhere previous campaign sure bernie supporter aware bernie yang2020,Bernie Sanders,0
defend purposeful attempt slow economic growth prolong joblessness suppress wage growth however like sag economy today rate hike done first place sander agrees rate sink,Bernie Sanders,1
yes day thinking potus still organizerinchief leveraging powerful notmeus movement ballot race finally let u berners let u get progressive elected sign,Bernie Sanders,1
called ridiculous 2016 angry one berniesanders bernie,Bernie Sanders,1
exactly reactionary reconcile narrative supporter lazy bum work fact decimated competition term campaign fundraising moron think money come,Bernie Sanders,1
ocasiocortez amp better stop fucking democraticparty sander used dems refused become one cortez kissing sarandon say go way allow dems run dems win left center,Bernie Sanders,0
reminded day opeds wrote time ago discussing politician use servicemembers political agenda ie showing optic politician completely ignore demean female servicemembers allowed single sander,Bernie Sanders,1
yes berniesanders warned u thing better policy twice corporate buyout government amp democracy well danger face without healthcare coverage plus ahead without green new deal think,Bernie Sanders,1
love bernie honest decent human unlike politician notmeus fam incredible huge group diverse people fighting message ring true anyone humanity left,Bernie Sanders,1
okay berniesanders fan time stop giving warren attention sadly role clearly shifted causing division among progressive voter since winning anything focus effort beating competitive candidate scprimary,Bernie Sanders,1
sure clip may posted online bernie staff particularly something newsworthy occurs wonder address demdebate2 moment berniemaddow,Bernie Sanders,1
bernie getting latino vote obviously know least friendly candidate toward immigrant latinovote berniesanders berniesanders bernie bernie need explain voting record immigration washington post,Bernie Sanders,0
want access healthcare save demdebate berniesanders democraticdebate,Bernie Sanders,1
everyone please vote organizer chief bernie sander berniesanders,Bernie Sanders,1
demdebate democratic party know capable take away nomination berniesanders even try dnc,Bernie Sanders,1
say left versus thing described amp editor right almost like engaged honest reporting,Bernie Sanders,0
call immediate moratorium eviction foreclosure utility shutoffs well lending small mediumsized business coronaviruspandemic medicareforall solidarity,Bernie Sanders,1
likelyits bernie need drop follower amp extorting election,Bernie Sanders,1
wake hello somebody democraticprimary bernie childrens future vote bernie primary,Bernie Sanders,1
bernie democrat amongst wretched hive scum villainy berniesanders,Bernie Sanders,1
wish never listened consultant amp donor class amp done got course chose listen amp policy line progressive ride nonexistent fence,Bernie Sanders,1
yes need pivot past multimillionare dollar consultant put trust people peopledriven campaign election berniesandersit people fighting economy work u,Bernie Sanders,1
warren gumption say big business industry come talk big end take money big industry mean repay bernie,Bernie Sanders,1
matthew dems tell bernie full could lose 49 state berniesanders chrismatthews democraticprimary,Bernie Sanders,0
phony baloney slumlord war monger peaceful berniecrat nyc district 12 vote democratic primary june 26,Bernie Sanders,1
lie better anything else already one like berniesanders,Bernie Sanders,0
release tax bernie want prove credibility,Bernie Sanders,0
would please reach rest democrat horribly wretched thing saying bernie supporter,Bernie Sanders,1
maga left folk hostile people mention day love fight berniesanders,Bernie Sanders,0
uranium one govt track every gram uranium ore enduse requires every single location moved licensed also hillary never authorized putin purchase controlling interest mine yet bernie never denounced,Bernie Sanders,0
answer life love charter together fight psychopath rule u far right far left agree way disagree want financial liberty maga bernie unite sort difference later,Bernie Sanders,1
berniesanders say want talk issue meanwhile welcome support ostentatious twitter troll cmon dude,Bernie Sanders,0
would ok evil one spending kind money sold got cut,Bernie Sanders,0
fan berniesanders see deck stacked someone via,Bernie Sanders,0
democrat worst fight net neutrality daca dreamer controlling military spending much much votethemout neoliberalssuck justicedemocrats voteprogressive bernie,Bernie Sanders,0
bernie bernie mofoing sander policy tried true already proven work never bought always right,Bernie Sanders,1
going allowed destroy united state even democrat nominee gotohell berniesanders,Bernie Sanders,1
young need medicare take 1000 month life free college day simple math berniesanders andrewyang,Bernie Sanders,0
agree opening gulag mass murder knew impersonator berniesanders,Bernie Sanders,0
happens democrat reason selfcentered divisive multimillionaire independent socialist berniesanders mean bitter man destroyed hillaryclintons opportunity president 2016 neverbernie,Bernie Sanders,0
real folk praising communist dictator ever visited cuba venezuela people eating garbage say socialism berniesanders socialismkills nevadacaucuses nvdemscaucus democrat iberal progressive venezuela cuba,Bernie Sanders,0
dear friend still hope reconstruct right people votebernie berniesanders,Bernie Sanders,1
headline read 15 bernie backer idiot 2nd nominee 15 bernie backer prove democrat lose election right election2020 democrat,Bernie Sanders,0
man walk talk talk conviction talk u follows putting work behind word people reclaim white house bernie,Bernie Sanders,1
nevadacaucus vote medicare look worked vermont tax tripled gullible sander going increase tax,Bernie Sanders,0
democrat hilariously losing starbucks ceo considering running independent ironically people pushing three party system bernie got burned 2016,Bernie Sanders,0
moderate saying bernie supporter saying toxic last year election2020,Bernie Sanders,0
bernie finally getting vetted delinquent dad would thunk,Bernie Sanders,0
remember guy work talking need put conservative gulag remember said oneoff remember released video prove bunch liar fun,Bernie Sanders,0
bernie proposing looking model scandinavian country many european country offer health care right many country consistently show high happiness index,Bernie Sanders,1
watching democratic debate sander get win november support republican like senator warren socialist never,Bernie Sanders,0
bernie insisting staying race path nomination amp mean going state state nightmare scenario holdingpostponing election stop squirming let u forget primary vote generalelection,Bernie Sanders,0
pfizer earned 52 billion revenue 2017 also gave ceo 61 percent raise plan january price hike call business usual taking big pharma greed,Bernie Sanders,1
bullcrap bernie quit spreading hate time work together good country,Bernie Sanders,0
take watch diligently work slander silence anyone speaks ending war financing medicareforall raising minimum wage etc look treated look treating,Bernie Sanders,1
forgot get snapshot time oh well plan another soon medicareforall berniesanders,Bernie Sanders,1
even idiot getting attack bandwagon need take several seat check plan country democraticdebate 2020election,Bernie Sanders,0
holy shit dad voted berniesanders never really talked politics given impression staunch republican fucking proud,Bernie Sanders,1
bernie picking nothing campaign short one moving another candidate bernie major endorsement across south ground game poll number flat south carolina dead campaign double digit trailer,Bernie Sanders,0
democrat precious kind sweet vote war hide behind vote record issue donor democrat get vote time democrat voting berniesanders,Bernie Sanders,1
imagine column amp day high dudgeon would follow bernie ifberniedidit,Bernie Sanders,0
need mirror think vetted source information intensely others information coming cable news lied led nose berniesanders,Bernie Sanders,0
came rally queen saw shouted opposite side stage came hug pretty epic first thing hugged good min called student mom say hello queensbridge park softball field,Bernie Sanders,1
bernie berniesanders rt ttagaris accept normal today grandchild tell u crazy accept trust berniesanders take insurance company drug company alway,Bernie Sanders,1
could get fucking haircut could stop angry time could start vetting right wing jerk seems hire wtf wrong man berniesanders,Bernie Sanders,0
popular presidential candidate child advocate loved youth people conscience power change america bernie right side historyno nra gunviolence marchforourlives,Bernie Sanders,1
fantastic piece finally someone msm clearly fairly outlining difference warren sander fairly light criticism either merely reinforces going vote bernie sander,Bernie Sanders,1
yep like 2016 berniesanders reach black dems 2020 demprimary lostagain claycaneshow claynation,Bernie Sanders,0
know bloomberg supporter one thing really evident way sander warren et al vilifying billionaire lust bankrupt billionaire nasty despicable,Bernie Sanders,1
issue always claim want progressive change bothered learn fact system ignorant system adequately change system hate player hate game bernie,Bernie Sanders,0
bernies policy polarize america also people want change apparently billionaire money make dumb much polarizing,Bernie Sanders,1
parting shot made comparing beto adroit beto appears ashamed comparison endear socialist crowd base support,Bernie Sanders,1
wish would elected 2016 imagine wed wed flattened curve nothing speed bump berniesanders mention change like imagine could happened,Bernie Sanders,1
bernie support marched outside beyond dnc convention security fence robbyantitruth mook pulled stool jakethefake lied lied andlied,Bernie Sanders,1
actually support medicare plan wish vermonter would open eye start seeing bernie economically irresponsible scam artist really vtpoli,Bernie Sanders,0
candidate seriously committed changing thank publicly showing people real world impact policy value medicareforall,Bernie Sanders,1
thread timeline bernie done zip moc still democrat noted outstanding thread nothing civil right nopes,Bernie Sanders,0
terrified apparently campaign received 50k contribution associated debate10k october debate berniesanders,Bernie Sanders,1
personally sick tired someone 3 home book deal ranting rich hypocrite bernie,Bernie Sanders,0
perhaps particular type liberal working network prefer sander unrealistic vision simply worry backlash berniebros allowed moderate wife work sander,Bernie Sanders,0
bernie sander bernie always bernie always bernie always bernie ill let decide good bad answer socialism awesome always like bernie think ill vote still change mind democraticdebate,Bernie Sanders,1
heard reporter houston texasprimary say elizabeth campaign main goal blunting berniesanders rise delegate count amp fundraising nice liz look like working pete bloomberg brokeredconvention fbr,Bernie Sanders,0
behold selfish little snot freeloader looking goody want work believe anyone work becomes rich owe everything one parent berniesanders voter way vote listen cdc,Bernie Sanders,0
bernie say respect obama wanted primaried demdebate democraticdebate,Bernie Sanders,0
forget country club 2m barely get condo palo alto anymore argument bernies wealthy oneoff income surge specious distraction core message social economic justice fall,Bernie Sanders,1
love every time point russian propaganda pissoff bernie supporter,Bernie Sanders,0
globalwarming huge threat rich democrat keep buying home water liar hypocrite scam climatecrisis climatechangehoax climatebully,Bernie Sanders,0
failed bernie bother show ffs wonder would bad president,Bernie Sanders,0
dearbernie canadian genx child young people filled hope included notmeus everything brought dream million heart amazing personality integrity inspires tomorrow leader hope get president,Bernie Sanders,1
one heard bernie one democrat great diverse field candidate democratic platform shape behind win 2020elections,Bernie Sanders,1
completely unbiased politically motivated mueller investigation far caught 13 internet troll dnc rigging bernie fbicorruption come investigation american people deserve answer,Bernie Sanders,1
hispanic stand back 2016 notmeus identity issue best policy uplift u going win,Bernie Sanders,1
let go russian thing big supporter russia berniesanders admired russia much honeymooned 1988 want support lol,Bernie Sanders,1
campaign season already entrenched ageism first victim berniesanders heart issue treated campaign trail yesterday take first victim bernie abort get behind surging soon possible barney,Bernie Sanders,0
matter since sander administration,Bernie Sanders,0
divisiveness last election hell would sander run especially excellent progressive candidate already running person care ego best country trojanhorse bernie,Bernie Sanders,0
people citizen daily say socialism say berniesanders,Bernie Sanders,1
funny would think would head venezuela know since socialism popular,Bernie Sanders,0
voter think berniesanders look unhealthy angry watching tonight wa dermatologist think rosacea releasing record could explain thing,Bernie Sanders,0
2 berniesanders employee paid take back 75 pay benefit bet first fight would slacker get paid hardest worker,Bernie Sanders,0
power individual thank every american opportunity thrive strongly believe institute change america deserves votebluenomatterwho,Bernie Sanders,1
damn free shit would bottom half nation work rest u supposed support understand badmath socialismkills,Bernie Sanders,0
country interferes u election like israel msm point finger russiaaipacisrael berniesanders,Bernie Sanders,0
get notion unreasonable people want detailed medical record 78 year old heart attack month ago berniesanders bernie,Bernie Sanders,0
bernie running dem candidate using dem resource outlet registered democrat yet legitimate candidate democraticdebate democratprimary,Bernie Sanders,0
sorry bernie bit conartist however feel bad supporter get screwed establishment win onepartysystem rigged bernie chronyism 3rdparty corporatemedia fakenews election2020,Bernie Sanders,0
news flash dropping gem interview watch full conversation youtube cardib,Bernie Sanders,1
asking agree green new deal guess candidate protestors rally yesterday know,Bernie Sanders,1
sander owes u medical record hope he okay evident he hiding health vulnerability presidency stressful american people deserve assurance job,Bernie Sanders,0
berners bernie berniesanders hope read learn duped big time hope bernie involved,Bernie Sanders,0
want destroy democratic party bernie bros brought vote diverse woman diverse woman vote bernie get pass time taxreturns,Bernie Sanders,0
take person hillary clinton equation still hate policy stance antibernie crowd really hate policy stance butt hurt refuse bow queen,Bernie Sanders,1
got mom sister vote first time ever brother also friend along parent sister felt good really hope win berniesanders michiganvotes bernie,Bernie Sanders,1
nordic model expanded welfare state provides high level security citizen also successful market economy much freedom pursue dream live life wish need end corporatecommunism berniesanders,Bernie Sanders,1
berniesanders cut chase execute landlord like communist china,Bernie Sanders,0
love bernie campaigned great violation democracy 2016 collapsed hrcs tainted win offered several opportunity lead eschewed dem refused reform still stumm awakes,Bernie Sanders,1
actually correct berniesanders true marxist belief straight communism,Bernie Sanders,0
standwithtulsi iraqwar nomorewars tulsi2024 tulsigabbard opposed hconres55 calling withdrawal u troop iraq syria something core tulsis talk amount integrity comparison bernie none,Bernie Sanders,0
holy shit florida crime caught tape bernie guy someone going jail may agree party vote ever altered election2018,Bernie Sanders,0
progressive embracing super pac newfound vigor look put political influence organizing tactic use aftermath sander capitulation source superpacs uspolitics election2020 campaign democrat looneyleft,Bernie Sanders,0
berniesanders attending aipac prof amp bffs ilhanomar rashidatlaib aoc bigot usa need love americabernie hate america bernie2020 think oklahoma minnesota california arkansas texas,Bernie Sanders,0
two follower get blocked anyone else first fact attorney general cop problem bernie bro keith ellison cuz guess got elected,Bernie Sanders,1
right factory full worker shouting 2a gun another obtuse bernie gif enjoy loss already,Bernie Sanders,0
medium misleading amp tell truth deblasio ny avowed communist sander avowed socialist castro bros obama guy practice repub voter suppression amp medium say nada,Bernie Sanders,0
make skin crawl know clich little like bernie trotting marched mlk thing cringe,Bernie Sanders,0
attention berniebros send hero need another house,Bernie Sanders,0
senator berniesanders b clue potential administration would finance trillion entitlement program ampso disclose plan voter finance b people b bribe vote sell country free stuff,Bernie Sanders,0
telling thing since 2016 go rally busy working ask free anything pay bill go around web bullying people forget bernie,Bernie Sanders,0
fellow berniesanders supporter send kid school wondering bc son turning 5 please comment whether like amp amp w specific type etc please rt amp help get education opinion progressive parent thanks,Bernie Sanders,1
great slogan usual bernie great slogan going cricket,Bernie Sanders,0
cared would postponed primary though sure rigged corporate master favor anyway shame care people profit peopleoverprofits start new party thepeoplesparty begin bernie,Bernie Sanders,1
misogynist spoiled child behaviour showing get grip lost qualified brilliant woman sandersisnotademocrat,Bernie Sanders,0
coronavirus outbreak united state show prove everyone important free healthcare candidate stand behind berniesanders go vote,Bernie Sanders,1
guess changed position medicare candidate always people 4 million individual donor tell done also told gay marriage would never pas bernie,Bernie Sanders,1
former supporter people getting swindled anyone listening horseshit shilling decade decade bernie supporter one fighting working class equality earth two crooked party,Bernie Sanders,1
bernie simply bringing balance political discourse country berniesanders,Bernie Sanders,1
witchtrial house coverup sander amp warren must recuse senate vote directconflictofinterest since running potus seat,Bernie Sanders,0
apologize disgusting remark sen sander well berniesanders,Bernie Sanders,0
seth rich bernie easily topten favorite american time compare sethrich w bernie one got killed defending liberty got lake house look way hisnamewassethrich julianassange wikileaks podesta dws brazile ms13 dnc,Bernie Sanders,0
pretty sure bezos pay personal income taxesof course know bernie never released sure seems like he playing team45 cutthebs,Bernie Sanders,0
anything proudly progressive differentiating bernie feeding basest partisan tribal instinct electorate sound like service self,Bernie Sanders,1
go regurgitating nonsense establishment talking point one fooled except apparently see finish line medicareforall get u welcome signed berniesanders,Bernie Sanders,1
democrat presidential candidate demonstrates little rule law really tcot gop migop,Bernie Sanders,0
issue idiot student take loan problem paying sander want pay stupidity 5200 every man woman child add healthcareforall existing national debt well see make,Bernie Sanders,0
interesting pointedly saying matter kansa nothing bernie kansa 2016 thanks sister,Bernie Sanders,1
bernie one got arrested 1963 actually fighting civil right movement protesting segregation black student chicago berniesanders funfactfriday,Bernie Sanders,1
win election going take u volunteering time energy elect bernie berniesanders,Bernie Sanders,1
rt drdooleymd bernie bros _______________ __ stop erasing woc support policy directly benefit poc bc _ racist notmeus,Bernie Sanders,1
get past perception mild research agree medicareforall bernie,Bernie Sanders,1
start honesty berniesanders considered honest trustworthy consistent throughout career candidate issue truth le compassionate sadly tend vote away progress,Bernie Sanders,1
candidate bet house life back one bernie lyinliz back heartbeat think buying endorsement lyin prego lyin indian heritage etc,Bernie Sanders,1
stopped listening new hip hop around time lilwayne busting eardrum nikki kind pique interest squeaking 2 second except remyma bernie sander quoting card might give chance,Bernie Sanders,1
proud shedding light truly progressive pushing party back left center demdebate2020,Bernie Sanders,1
classism hrc kamala campaign pretty blatant cycle finally illuminate real divide berniesanders,Bernie Sanders,1
nothing free like bernie tell everyone,Bernie Sanders,0
four senator running president get vote ultimate opponent presidency short 10 month must recuse warren klobuchar sander gabbard impeachmentfarce impeachmenthoax,Bernie Sanders,0
true many people color woman member lgbtq community supporter progressive politics like medicareforall campaign,Bernie Sanders,1
agree medicareforall greennewdeal vote transform society society effectively curb worst effect climate change,Bernie Sanders,1
elected servant people grand poo bah corporatedems bernie,Bernie Sanders,1
bernie proving notmeus bunch malarkey seek block formation progressive ticket history spite warren always intellectual superior actual policymaker social justice activist,Bernie Sanders,1
he attacked slighted stronger get go berniesanders dnc,Bernie Sanders,1
warren2020 supporter pushed berniesanders told going,Bernie Sanders,1
communist never follow rule force everyone else bernie,Bernie Sanders,0
got stop making cool bernie vids keep presidentsanders,Bernie Sanders,1
sarah sander say legacy honesty transparencyjust another lie sander quoting lying impotus bos via,Bernie Sanders,1
registered democrat 43 year unapologetically bernie bust remember predlc dems like bernie nobody called socialist bernie fdr dem full stop returning dems fdr root,Bernie Sanders,1
bernie oppo truth keep trying put rest fact staunch hillary advocate bernie critic 2016 privy bernie oppo book also extensive research nothing saw already public record,Bernie Sanders,0
tagged bernie need donation cash app get,Bernie Sanders,1
woman drive insurance industry 60 percent workforce 16 million worker strong bernie going industry mostly woman dominated berniesanders warren2020,Bernie Sanders,1
far left rt raise hand people summit june 2017 4000 u coming take back country nomiddleground bernie,Bernie Sanders,1
imagining thing gotten like 10 union endorsement last couple day,Bernie Sanders,1
sander completely disingenuous approach democratic party unlike say jesse jackson ran raise awareness issue backed hurt eventual candidate sander dug enhance brand regardless damage nominee,Bernie Sanders,0
warren sander overlap many level yet endorsement intention even want advance political agenda election2020,Bernie Sanders,1
bernie win ballot bring progressive party ridiculous worried someone true democrat people important political party firstjewishpresident,Bernie Sanders,1
candidate delegate win everyone bernie demdebate2020 berniesanders,Bernie Sanders,0
followed laugh stupid misinformed tweet look forward full meltdown mode tweet berniesanders eventually drop,Bernie Sanders,0
none democrat would able get anything done moscow mitch need mobilize people bernie leading movement working people bring people together real change happens thank,Bernie Sanders,1
get motivated go sander right going bad real bad american whole planet michiganforbernie notimelikethepresent,Bernie Sanders,1
sander went soviet union honeymoon guess niagarafalls hawaii cut,Bernie Sanders,0
obama conservative always always said anyone wanted listen llatest reveal bernie winning nomi obama would speak stop surprise one would speak stop bloomberg frm,Bernie Sanders,1
excellent thread literally summed issue warren think extremely weak especially area american people would need support plus come war like sander bernieorgreen,Bernie Sanders,0
2020 looking bleak berniesanders 2020election campaign giving every socialist massive lift reason optimistic although sure plan hatched stop prepare inevitable,Bernie Sanders,1
wake people one symptom unbridled greed know sander dropped butneither major party supporting american people crisis listen bernie2020 let u beg reconsider,Bernie Sanders,1
idea bernie right taking million pool money liked minded citizen amp start chain store named bernmart would put walmart business time economic wizardry,Bernie Sanders,0
american people understand people call berniesanders honest oh wait supporter hungry free stuff expense others liar allpoliticiansareshittyliars writeinbernie,Bernie Sanders,0
stop wasting everyone time stupid poll include front runner bernie,Bernie Sanders,1
lol denmark trending denmark democratic socialist country socialist country learn difference berniesanders,Bernie Sanders,0
75 year fdr proposed economic bill right must take unfinished business new deal carry completion berniesanders,Bernie Sanders,1
bernie barnstorm event iedsa member community discussed organize help get bernie elected u proudly endorse bernie hosting debate watch party thursday ibew local 47 430 dsaforbernie bernie,Bernie Sanders,1
vote third party green party however bernie candidate id vote dem anyone else id probably vote green,Bernie Sanders,1
yesterday miami democratic campaign consultant lobbyist evan ross compared david duke miami dems demanded retract comment want thank strong rebuke notmeus story,Bernie Sanders,1
finally opportunity elect someone honest owned senator sander rare gift know american need berniesandersforpresident,Bernie Sanders,1
us party fill bank account nobernie democrats2020,Bernie Sanders,0
love hearing shouting sunrise movement demdebate love even demonstrates leadership necessary enact greennewdeal enact,Bernie Sanders,1
respectfully disagree mimi corporate medium medium going ignore time,Bernie Sanders,1
let u hope racist deflate support imperialist berniesanders,Bernie Sanders,0
